[{"title_ru": "\u041e\u0431\u0449\u0435\u0441\u0442\u0440\u043e\u0438\u0442\u0435\u043b\u044c\u043d\u044b\u0435 \u043c\u0430\u0442\u0435\u0440\u0438\u0430\u043b\u044b", "title_uz": "Umumiy qurilish materiallari", "title_en": "General construction materials", "link": "https://letscolor.uz/store/obshchestroitelnye_materialy", "children": [{"title_ru": "\n                            \u0418\u0437\u0434\u0435\u043b\u0438\u044f \u0438\u0437 \u0434\u0435\u0440\u0435\u0432\u0430                            ", "title_uz": "Yog'och buyumlari", "title_en": "Wood products", "link": "https://letscolor.uz/store/izdeliya_iz_dereva", "children": [{"title_ru": "\n                            \u0411\u0440\u0443\u0441 \u0438 \u0420\u0435\u0439\u043a\u0430                            ", "title_uz": "Bar va Reika", "title_en": "Bar and Reika", "link": "https://letscolor.uz/store/brus", "children": [], "image": "https://letscolor.uz/uploads/thumbs/store/category/216x78_36295142e159cb5e1ad2c02b14b598a9.png", "local_image": "/category/photos/216x78_36295142e159cb5e1ad2c02b14b598a9.png"}], "image": "https://letscolor.uz/uploads/thumbs/store/category/216x78_36295142e159cb5e1ad2c02b14b598a9.png", "local_image": "/category/photos/216x78_36295142e159cb5e1ad2c02b14b598a9.png"}, {"title_ru": "\n                            \u0418\u0437\u043e\u043b\u044f\u0446\u0438\u043e\u043d\u043d\u044b\u0435 \u043c\u0430\u0442\u0435\u0440\u0438\u0430\u043b\u044b                            ", "title_uz": "Izolyatsiya materiallari", "title_en": "Insulating materials", "link": "https://letscolor.uz/store/izolyatsionnye_materialy", "children": [{"title_ru": "\n                            \u0423\u043f\u043b\u043e\u0442\u043d\u0438\u0442\u0435\u043b\u044c \u0434\u043b\u044f \u043e\u043a\u043e\u043d                            ", "title_uz": "Windows uchun prixer", "title_en": "Sealer for windows", "link": "https://letscolor.uz/store/uplotnitel_dlya_okon", "children": [], "image": "https://letscolor.uz/uploads/thumbs/store/category/216x78_36295142e159cb5e1ad2c02b14b598a9.png", "local_image": "/category/photos/216x78_36295142e159cb5e1ad2c02b14b598a9.png"}, {"title_ru": "\n                            \u041e\u0442\u0440\u0430\u0436\u0430\u044e\u0449\u0430\u044f \u0438\u0437\u043e\u043b\u044f\u0446\u0438\u044f                            ", "title_uz": "Aks ettiruvchi izolyatsiya", "title_en": "Reflective insulation", "link": "https://letscolor.uz/store/otrazhayushchaya_izolyatsiya", "children": [], "image": "https://letscolor.uz/uploads/thumbs/store/category/216x78_1c790ccfdd90f9454413b0362e64a98c.jpg", "local_image": "/category/photos/216x78_1c790ccfdd90f9454413b0362e64a98c.jpg"}, {"title_ru": "\n                            \u0423\u0442\u0435\u043f\u043b\u0438\u0442\u0435\u043b\u0438                            ", "title_uz": "Izolyatsiya", "title_en": "Insulation", "link": "https://letscolor.uz/store/teploknauf", "children": [], "image": "https://letscolor.uz/uploads/thumbs/store/category/216x78_551398f040617f63f00ef794ab3b1d8c.png", "local_image": "/category/photos/216x78_551398f040617f63f00ef794ab3b1d8c.png"}], "image": "https://letscolor.uz/uploads/thumbs/store/category/216x78_1c790ccfdd90f9454413b0362e64a98c.jpg", "local_image": "/category/photos/216x78_1c790ccfdd90f9454413b0362e64a98c.jpg"}, {"title_ru": "\n                            \u041a\u0440\u0435\u043f\u0451\u0436                            ", "title_uz": "Mahkamlagichlar", "title_en": "Fasteners", "link": "https://letscolor.uz/store/krepej", "children": [{"title_ru": "\n                            \u0410\u043d\u043a\u0435\u0440\u044b                            ", "title_uz": "Langar", "title_en": "Anchors", "link": "https://letscolor.uz/store/ankery", "children": [], "image": "https://letscolor.uz/uploads/thumbs/store/category/216x78_36295142e159cb5e1ad2c02b14b598a9.png", "local_image": "/category/photos/216x78_36295142e159cb5e1ad2c02b14b598a9.png"}, {"title_ru": "\n                            \u0413\u0432\u043e\u0437\u0434\u0438 \u0441\u0442\u0440\u043e\u0438\u0442\u0435\u043b\u044c\u043d\u044b\u0435                            ", "title_uz": "Qurilish tirnoqlari", "title_en": "Construction nails", "link": "https://letscolor.uz/store/gvozdi_stroitelnye", "children": [], "image": "https://letscolor.uz/uploads/thumbs/store/category/216x78_1c790ccfdd90f9454413b0362e64a98c.jpg", "local_image": "/category/photos/216x78_1c790ccfdd90f9454413b0362e64a98c.jpg"}, {"title_ru": "\n                            \u0414\u044e\u0431\u0435\u043b\u044c-\u0433\u0432\u043e\u0437\u0434\u0438 \u0438 \u0434\u044e\u0431\u0435\u043b\u044c-\u0448\u0443\u0440\u0443\u043f\u044b                            ", "title_uz": "Dummat va dumma vintlari", "title_en": "Dowel-nails and dowel screws", "link": "https://letscolor.uz/store/dyubel_gvozdi_i_dyubel_shurupi", "children": [], "image": "https://letscolor.uz/uploads/thumbs/store/category/216x78_551398f040617f63f00ef794ab3b1d8c.png", "local_image": "/category/photos/216x78_551398f040617f63f00ef794ab3b1d8c.png"}, {"title_ru": "\n                            \u0421\u0430\u043c\u043e\u0440\u0435\u0437\u044b                            ", "title_uz": "Fidokorona", "title_en": "Selfless", "link": "https://letscolor.uz/store/samorez", "children": [], "image": "https://letscolor.uz/uploads/thumbs/store/category/216x78_8be7ede13ddd18816494be065fae1250.png", "local_image": "/category/photos/216x78_8be7ede13ddd18816494be065fae1250.png"}], "image": "https://letscolor.uz/uploads/thumbs/store/category/216x78_551398f040617f63f00ef794ab3b1d8c.png", "local_image": "/category/photos/216x78_551398f040617f63f00ef794ab3b1d8c.png"}, {"title_ru": "\n                            \u0413\u0438\u043f\u0441\u043e\u043a\u0430\u0440\u0442\u043e\u043d\u043d\u044b\u0435 \u0441\u0438\u0441\u0442\u0435\u043c\u044b                            ", "title_uz": "Gipsterton tizimlari", "title_en": "Plasterboard systems", "link": "https://letscolor.uz/store/gipsokartonnye_sistemy", "children": [{"title_ru": "\n                            \u0413\u0438\u043f\u0441\u043e\u043a\u0430\u0440\u0442\u043e\u043d                            ", "title_uz": "Pliterton", "title_en": "Plasterton", "link": "https://letscolor.uz/store/gipsokarton", "children": [], "image": "https://letscolor.uz/uploads/thumbs/store/category/216x78_36295142e159cb5e1ad2c02b14b598a9.png", "local_image": "/category/photos/216x78_36295142e159cb5e1ad2c02b14b598a9.png"}, {"title_ru": "\n                            \u041f\u0440\u043e\u0444\u0438\u043b\u044c \u0438 \u0430\u043a\u0441\u0435\u0441\u0441\u0443\u0430\u0440\u044b \u0434\u043b\u044f \u0433\u0438\u043f\u0441\u043e\u043a\u0430\u0440\u0442\u043e\u043d\u0430                            ", "title_uz": "Profil va aksessuarlar", "title_en": "Profile and accessories for plasterboard", "link": "https://letscolor.uz/store/profil_dlya_gipsokartona", "children": [], "image": "https://letscolor.uz/uploads/thumbs/store/category/216x78_1c790ccfdd90f9454413b0362e64a98c.jpg", "local_image": "/category/photos/216x78_1c790ccfdd90f9454413b0362e64a98c.jpg"}], "image": "https://letscolor.uz/uploads/thumbs/store/category/216x78_8be7ede13ddd18816494be065fae1250.png", "local_image": "/category/photos/216x78_8be7ede13ddd18816494be065fae1250.png"}], "image": "https://letscolor.uz/uploads/thumbs/store/category/216x0_57314492c86ec8bb4f433615f67f6cb9.jpg", "local_image": "/category/photos/216x0_57314492c86ec8bb4f433615f67f6cb9.jpg"}, {"title_ru": "\u041e\u0442\u0434\u0435\u043b\u043e\u0447\u043d\u044b\u0435 \u043c\u0430\u0442\u0435\u0440\u0438\u0430\u043b\u044b", "title_uz": "Bezak materiallari", "title_en": "Decoration Materials", "link": "https://letscolor.uz/store/otdelochnye_materialy", "children": [{"title_ru": "\n                            \u041d\u0430\u043f\u043e\u043b\u044c\u043d\u044b\u0435 \u0438 \u043d\u0430\u0441\u0442\u0435\u043d\u043d\u044b\u0435 \u043f\u043e\u043a\u0440\u044b\u0442\u0438\u044f                            ", "title_uz": "Tashqi va devor qoplamalari", "title_en": "Outdoor and wall coverings", "link": "https://letscolor.uz/store/napolnye_i_nastennye_pokrytiya", "children": [{"title_ru": "\n                            \u041b\u0438\u043d\u043e\u043b\u0435\u0443\u043c                            ", "title_uz": "Linoleum", "title_en": "Linoleum", "link": "https://letscolor.uz/store/linoleum", "children": [], "image": "https://letscolor.uz/uploads/thumbs/store/category/216x78_461710da1111ae86a921263edee6c27e.jpg", "local_image": "/category/photos/216x78_461710da1111ae86a921263edee6c27e.jpg"}], "image": "https://letscolor.uz/uploads/thumbs/store/category/216x78_461710da1111ae86a921263edee6c27e.jpg", "local_image": "/category/photos/216x78_461710da1111ae86a921263edee6c27e.jpg"}, {"title_ru": "\n                            \u041f\u043e\u0434\u043e\u043a\u043e\u043d\u043d\u0438\u043a\u0438 \u041f\u0412\u0425 \u0438 \u0430\u043a\u0441\u0435\u0441\u0441\u0443\u0430\u0440\u044b                            ", "title_uz": "PVX oyna chayqoslari va aksessuarlari", "title_en": "PVC window sills and accessories", "link": "https://letscolor.uz/store/podokonniki_pvkh", "children": [], "image": "https://letscolor.uz/uploads/thumbs/store/category/216x78_3b316175c5bcdc5140ea0e10407ef865.png", "local_image": "/category/photos/216x78_3b316175c5bcdc5140ea0e10407ef865.png"}, {"title_ru": "\n                            \u041f\u043b\u0438\u043d\u0442\u0443\u0441\u0430 \u0438 \u0430\u043a\u0441\u0435\u0441\u0441\u0443\u0430\u0440\u044b                            ", "title_uz": "Plinis va aksessuarlar", "title_en": "Plinth and accessories", "link": "https://letscolor.uz/store/plintusa_i_aksessuary", "children": [], "image": "https://letscolor.uz/uploads/thumbs/store/category/216x78_727c64f4cf5cabf69cb52b58e278ed20.jpg", "local_image": "/category/photos/216x78_727c64f4cf5cabf69cb52b58e278ed20.jpg"}, {"title_ru": "\n                            \u041f\u043e\u0442\u043e\u043b\u043e\u0447\u043d\u044b\u0435 \u043f\u043b\u0438\u043d\u0442\u0443\u0441\u0430                            ", "title_uz": "Shift Plint", "title_en": "Ceiling plinth", "link": "https://letscolor.uz/store/potolochnye_plintusa", "children": [], "image": "https://letscolor.uz/uploads/thumbs/store/category/216x78_a3ee897b4a12674838b51757460cf9c7.png", "local_image": "/category/photos/216x78_a3ee897b4a12674838b51757460cf9c7.png"}], "image": "https://letscolor.uz/uploads/thumbs/store/category/216x0_4476f7cb90b3d4036fefd490baefc723.jpg", "local_image": "/category/photos/216x0_4476f7cb90b3d4036fefd490baefc723.jpg"}, {"title_ru": "\u0421\u0430\u043d\u0442\u0435\u0445\u043d\u0438\u043a\u0430, \u043e\u0442\u043e\u043f\u043b\u0435\u043d\u0438\u0435 \u0438 \u0432\u043e\u0434\u043e\u0441\u043d\u0430\u0431\u0436\u0435\u043d\u0438\u0435", "title_uz": "Santexnika, isitish va suv ta'minoti", "title_en": "Plumbing, Heating and Water Supply", "link": "https://letscolor.uz/store/santekhnika_otoplenie_i_vodosnabzhenie", "children": [{"title_ru": "\n                            \u0412\u043e\u0434\u043e\u0441\u043d\u0430\u0431\u0436\u0435\u043d\u0438\u0435                            ", "title_uz": "Suv ta'minoti", "title_en": "Water supply", "link": "https://letscolor.uz/store/vodosnabzhenie", "children": [{"title_ru": "\n                            \u0424\u0438\u0442\u0438\u043d\u0433\u0438                            ", "title_uz": "O'rinli", "title_en": "Fitting", "link": "https://letscolor.uz/store/fitingi", "children": [], "image": "https://letscolor.uz/uploads/thumbs/store/category/216x78_438714f0466f8f01da2610b3179c3589.png", "local_image": "/category/photos/216x78_438714f0466f8f01da2610b3179c3589.png"}, {"title_ru": "\n                            \u0417\u0430\u043f\u043e\u0440\u043d\u0430\u044f \u0430\u0440\u043c\u0430\u0442\u0443\u0440\u0430                            ", "title_uz": "O'chirilgan armatura", "title_en": "Shut -ling fittings", "link": "https://letscolor.uz/store/zapornaya_armatura", "children": [], "image": "https://letscolor.uz/uploads/thumbs/store/category/216x78_3b1403a8daf7e7c2b9848bba00f87380.png", "local_image": "/category/photos/216x78_3b1403a8daf7e7c2b9848bba00f87380.png"}, {"title_ru": "\n                            \u0413\u0438\u0431\u043a\u0430\u044f \u043f\u043e\u0434\u0432\u043e\u0434\u043a\u0430-\u0432\u043e\u0434\u0430                            ", "title_uz": "Egiluvchan", "title_en": "Flexible", "link": "https://letscolor.uz/store/gibkaya_podvodka_voda", "children": [], "image": "https://letscolor.uz/uploads/thumbs/store/category/216x78_e4bbed62a6943b7509da1cbd8e8889f4.png", "local_image": "/category/photos/216x78_e4bbed62a6943b7509da1cbd8e8889f4.png"}, {"title_ru": "\n                            \u0418\u0437\u043e\u043b\u044f\u0446\u0438\u044f \u0442\u0440\u0443\u0431                            ", "title_uz": "Quvurlarni izolyatsiya qilish", "title_en": "Isolation of pipes", "link": "https://letscolor.uz/store/izolyatsiya_trub", "children": [], "image": "https://letscolor.uz/uploads/thumbs/store/category/216x78_14d415b9ce4f4ccfd39c94b0e77922e8.jpg", "local_image": "/category/photos/216x78_14d415b9ce4f4ccfd39c94b0e77922e8.jpg"}], "image": "https://letscolor.uz/uploads/thumbs/store/category/216x78_438714f0466f8f01da2610b3179c3589.png", "local_image": "/category/photos/216x78_438714f0466f8f01da2610b3179c3589.png"}, {"title_ru": "\n                            \u041a\u0430\u043d\u0430\u043b\u0438\u0437\u0430\u0446\u0438\u044f                            ", "title_uz": "Kanalizatsiya", "title_en": "Sewerage", "link": "https://letscolor.uz/store/kanalizatsiya", "children": [{"title_ru": "\n                            \u041a\u0430\u043d\u0430\u043b\u0438\u0437\u0430\u0446\u0438\u043e\u043d\u043d\u044b\u0435 \u0442\u0440\u0443\u0431\u044b                            ", "title_uz": "Kanalizatsiya quvurlari", "title_en": "Sewer pipes", "link": "https://letscolor.uz/store/kanalizatsionnye_truby", "children": [], "image": "https://letscolor.uz/uploads/thumbs/store/category/216x78_438714f0466f8f01da2610b3179c3589.png", "local_image": "/category/photos/216x78_438714f0466f8f01da2610b3179c3589.png"}, {"title_ru": "\n                            \u041a\u0430\u043d\u0430\u043b\u0438\u0437\u0430\u0446\u0438\u043e\u043d\u043d\u044b\u0435 \u0444\u0438\u0442\u0438\u043d\u0433\u0438                            ", "title_uz": "Kanalizatsiya sozlamalari", "title_en": "Sewage fittings", "link": "https://letscolor.uz/store/kanalizatsionnye_fitingi", "children": [], "image": "https://letscolor.uz/uploads/thumbs/store/category/216x78_3b1403a8daf7e7c2b9848bba00f87380.png", "local_image": "/category/photos/216x78_3b1403a8daf7e7c2b9848bba00f87380.png"}], "image": "https://letscolor.uz/uploads/thumbs/store/category/216x78_3b1403a8daf7e7c2b9848bba00f87380.png", "local_image": "/category/photos/216x78_3b1403a8daf7e7c2b9848bba00f87380.png"}, {"title_ru": "\n                            \u0411\u044b\u0442\u043e\u0432\u0430\u044f \u0441\u0430\u043d\u0442\u0435\u0445\u043d\u0438\u043a\u0430                            ", "title_uz": "Uy xo'jaligi sanasi", "title_en": "Household plumbing", "link": "https://letscolor.uz/store/bytovaya_santekhnika", "children": [{"title_ru": "\n                            \u0421\u043c\u0435\u0441\u0438\u0442\u0435\u043b\u0438 \u0434\u043b\u044f \u0432\u0430\u043d\u043d                            ", "title_uz": "Vannachi mikserlari", "title_en": "Bath mixers", "link": "https://letscolor.uz/store/smesiteli_dlya_vann", "children": [], "image": "https://letscolor.uz/uploads/thumbs/store/category/216x78_438714f0466f8f01da2610b3179c3589.png", "local_image": "/category/photos/216x78_438714f0466f8f01da2610b3179c3589.png"}, {"title_ru": "\n                            \u0421\u043c\u0435\u0441\u0438\u0442\u0435\u043b\u0438 \u0434\u043b\u044f \u0440\u0430\u043a\u043e\u0432\u0438\u043d                            ", "title_uz": "Chig'anoqlar uchun mikserlar", "title_en": "Mixers for shells", "link": "https://letscolor.uz/store/smesiteli_dlya_rakovin", "children": [], "image": "https://letscolor.uz/uploads/thumbs/store/category/216x78_3b1403a8daf7e7c2b9848bba00f87380.png", "local_image": "/category/photos/216x78_3b1403a8daf7e7c2b9848bba00f87380.png"}, {"title_ru": "\n                            \u0421\u0438\u0444\u043e\u043d\u044b,\u0442\u0440\u0430\u043f\u044b,\u0430\u0440\u043c\u0430\u0442\u0443\u0440\u0430                            ", "title_uz": "Silatson, narvonlar, armatura", "title_en": "Siphons, ladders, fittings", "link": "https://letscolor.uz/store/sifony_i_trapy", "children": [], "image": "https://letscolor.uz/uploads/thumbs/store/category/216x78_e4bbed62a6943b7509da1cbd8e8889f4.png", "local_image": "/category/photos/216x78_e4bbed62a6943b7509da1cbd8e8889f4.png"}, {"title_ru": "\n                            \u041c\u043e\u0439\u043a\u0438                            ", "title_uz": "Yuvish", "title_en": "Washing", "link": "https://letscolor.uz/store/moyki_", "children": [], "image": "https://letscolor.uz/uploads/thumbs/store/category/216x78_14d415b9ce4f4ccfd39c94b0e77922e8.jpg", "local_image": "/category/photos/216x78_14d415b9ce4f4ccfd39c94b0e77922e8.jpg"}], "image": "https://letscolor.uz/uploads/thumbs/store/category/216x78_e4bbed62a6943b7509da1cbd8e8889f4.png", "local_image": "/category/photos/216x78_e4bbed62a6943b7509da1cbd8e8889f4.png"}, {"title_ru": "\n                            \u0420\u0430\u0434\u0438\u0430\u0442\u043e\u0440\u044b \u043e\u0442\u043e\u043f\u043b\u0435\u043d\u0438\u044f, \u0442\u0435\u043f\u043b\u044b\u0439 \u043f\u043e\u043b                            ", "title_uz": "Isitish radiator, iliq pol", "title_en": "Heating radiators, warm floor", "link": "https://letscolor.uz/store/radiatory_otopleniya", "children": [], "image": "https://letscolor.uz/uploads/thumbs/store/category/216x78_14d415b9ce4f4ccfd39c94b0e77922e8.jpg", "local_image": "/category/photos/216x78_14d415b9ce4f4ccfd39c94b0e77922e8.jpg"}], "image": "https://letscolor.uz/uploads/thumbs/store/category/216x0_2867085842e5c7f3e2b7a209ce8d2f07.jpg", "local_image": "/category/photos/216x0_2867085842e5c7f3e2b7a209ce8d2f07.jpg"}, {"title_ru": "\u042d\u043b\u0435\u043a\u0442\u0440\u0438\u043a\u0430 \u0438 \u043e\u0441\u0432\u0435\u0449\u0435\u043d\u0438\u0435", "title_uz": "Elektriy va yoritish", "title_en": "Electrician and lighting", "link": "https://letscolor.uz/store/elektrika_i_osveshchenie", "children": [{"title_ru": "\n                            \u041e\u0441\u0432\u0435\u0449\u0435\u043d\u0438\u0435                            ", "title_uz": "Yoritish", "title_en": "Lighting", "link": "https://letscolor.uz/store/osveshchenie", "children": [{"title_ru": "\n                            \u041b\u0430\u043c\u043f\u044b                            ", "title_uz": "Chiroq", "title_en": "Lamp", "link": "https://letscolor.uz/store/lampy_", "children": [], "image": "https://letscolor.uz/uploads/thumbs/store/category/216x78_5618c6d53ec490247a15940e90fbe3ac.png", "local_image": "/category/photos/216x78_5618c6d53ec490247a15940e90fbe3ac.png"}, {"title_ru": "\n                            LED \u043f\u0430\u043d\u0435\u043b\u0438                            ", "title_uz": "LED panellari", "title_en": "LED panels", "link": "https://letscolor.uz/store/led_paneli_", "children": [], "image": "https://letscolor.uz/uploads/thumbs/store/category/216x78_a37006aaa1a27113024828a85f5ade54.png", "local_image": "/category/photos/216x78_a37006aaa1a27113024828a85f5ade54.png"}, {"title_ru": "\n                            \u0423\u043b\u0438\u0447\u043d\u043e\u0435 \u043e\u0441\u0432\u0435\u0449\u0435\u043d\u0438\u0435 \u0438 \u043f\u0440\u043e\u0436\u0435\u043a\u0442\u043e\u0440\u0430                            ", "title_uz": "Ko'cha yoritish va diqqat markazida", "title_en": "Street lighting and spotlight", "link": "https://letscolor.uz/store/ulichnoe_osveshchenie_", "children": [], "image": "https://letscolor.uz/uploads/thumbs/store/category/216x78_cd54340d8093f5ee13aeeeff36c73998.jpg", "local_image": "/category/photos/216x78_cd54340d8093f5ee13aeeeff36c73998.jpg"}, {"title_ru": "\n                            \u041f\u0430\u0442\u0440\u043e\u043d\u044b                            ", "title_uz": "Patron", "title_en": "Cartridges", "link": "https://letscolor.uz/store/patrony", "children": []}], "image": "https://letscolor.uz/uploads/thumbs/store/category/216x78_5618c6d53ec490247a15940e90fbe3ac.png", "local_image": "/category/photos/216x78_5618c6d53ec490247a15940e90fbe3ac.png"}, {"title_ru": "\n                            \u041a\u0430\u0431\u0435\u043b\u044c\u043d\u0430\u044f \u043f\u0440\u043e\u0434\u0443\u043a\u0446\u0438\u044f                            ", "title_uz": "Kabel ishlab chiqarish", "title_en": "Cable production", "link": "https://letscolor.uz/store/kabelnaya_produktsiya", "children": [{"title_ru": "\n                            UzKabel                            ", "title_uz": "Uzkabel", "title_en": "Uzkabel", "link": "https://letscolor.uz/store/uzkabel", "children": [], "image": "https://letscolor.uz/uploads/thumbs/store/category/216x78_5618c6d53ec490247a15940e90fbe3ac.png", "local_image": "/category/photos/216x78_5618c6d53ec490247a15940e90fbe3ac.png"}, {"title_ru": "\n                            \u041a\u0430\u0431\u0435\u043b\u044c\u043d\u0430\u044f \u0438\u0437\u043e\u043b\u044f\u0446\u0438\u044f                            ", "title_uz": "Kabel izolatsiyasi", "title_en": "Cable insulation", "link": "https://letscolor.uz/store/kabelnaya_izolyatsiya", "children": [], "image": "https://letscolor.uz/uploads/thumbs/store/category/216x78_a37006aaa1a27113024828a85f5ade54.png", "local_image": "/category/photos/216x78_a37006aaa1a27113024828a85f5ade54.png"}, {"title_ru": "\n                            ProCab                            ", "title_uz": "Plakat.", "title_en": "Procab.", "link": "https://letscolor.uz/store/prochie_kabeli", "children": [], "image": "https://letscolor.uz/uploads/thumbs/store/category/216x78_cd54340d8093f5ee13aeeeff36c73998.jpg", "local_image": "/category/photos/216x78_cd54340d8093f5ee13aeeeff36c73998.jpg"}], "image": "https://letscolor.uz/uploads/thumbs/store/category/216x78_a37006aaa1a27113024828a85f5ade54.png", "local_image": "/category/photos/216x78_a37006aaa1a27113024828a85f5ade54.png"}, {"title_ru": "\n                            \u0421\u0432\u0435\u0442\u0438\u043b\u044c\u043d\u0438\u043a\u0438,\u043a\u0430\u0440\u043c\u0430\u043d\u043d\u044b\u0435 \u0444\u043e\u043d\u0430\u0440\u0438                            ", "title_uz": "Lampalar, cho'ntak chiroqlari", "title_en": "Lamps, pocket lights", "link": "https://letscolor.uz/store/svetilniki", "children": [], "image": "https://letscolor.uz/uploads/thumbs/store/category/216x78_cd54340d8093f5ee13aeeeff36c73998.jpg", "local_image": "/category/photos/216x78_cd54340d8093f5ee13aeeeff36c73998.jpg"}], "image": "https://letscolor.uz/uploads/thumbs/store/category/216x0_1b6e7acd2f1c2379796831ef7b17c441.png", "local_image": "/category/photos/216x0_1b6e7acd2f1c2379796831ef7b17c441.png"}, {"title_ru": "\u0418\u043d\u0441\u0442\u0440\u0443\u043c\u0435\u043d\u0442\u044b \u0438 \u043e\u0431\u043e\u0440\u0443\u0434\u043e\u0432\u0430\u043d\u0438\u0435", "title_uz": "Asboblar va uskunalar", "title_en": "Tools and equipment", "link": "https://letscolor.uz/store/instrumenty_i_oborudovanie", "children": [{"title_ru": "\n                            \u0410\u043a\u0441\u0435\u0441\u0441\u0443\u0430\u0440\u044b \u0434\u043b\u044f \u044d\u043b\u0435\u043a\u0442\u0440\u043e\u0438\u043d\u0441\u0442\u0440\u0443\u043c\u0435\u043d\u0442\u0430                            ", "title_uz": "Elektr asboblari uchun aksessuarlar", "title_en": "Accessories for power tools", "link": "https://letscolor.uz/store/aksessuary_dlya_elektroinstrumenta", "children": [{"title_ru": "\n                            \u0421\u0432\u0435\u0440\u043b\u0430 \u0438 \u0431\u0443\u0440\u044b - \u043f\u043e\u0448\u0442\u0443\u0447\u043d\u043e \u0438 \u043d\u0430\u0431\u043e\u0440\u044b                            ", "title_uz": "Burg'ular va burg'ular - bo'lak va to'plamlar", "title_en": "Drills and boraxes - pieces and sets", "link": "https://letscolor.uz/store/sverla_i_bury_poshtuchno_i_nabory", "children": [], "image": "https://letscolor.uz/uploads/thumbs/store/category/216x78_a30610ee4f42a86a2d7db4c8e4a62e25.png", "local_image": "/category/photos/216x78_a30610ee4f42a86a2d7db4c8e4a62e25.png"}, {"title_ru": "\n                            \u0414\u0438\u0441\u043a\u0438 \u0438 \u043f\u0438\u043b\u043a\u0438                            ", "title_uz": "Disklar va qopqoqlar", "title_en": "Discs and caps", "link": "https://letscolor.uz/store/diski_i_pilki", "children": [], "image": "https://letscolor.uz/uploads/thumbs/store/category/216x78_6d21d4e34b88408982d0624df54e5d47.png", "local_image": "/category/photos/216x78_6d21d4e34b88408982d0624df54e5d47.png"}, {"title_ru": "\n                            \u0410\u043a\u0441\u0435\u0441\u0441\u0443\u0430\u0440\u044b \u0434\u043b\u044f \u0434\u0438\u0441\u043a\u043e\u0432\u044b\u0445 \u0448\u043b\u0438\u0444\u043c\u0430\u0448\u0438\u043d                            ", "title_uz": "Diskdagi maydalagichlar uchun aksessuarlar", "title_en": "Accessories for disk grinders", "link": "https://letscolor.uz/store/aksessuary_dlya_diskovykh_shlifmashin", "children": [], "image": "https://letscolor.uz/uploads/thumbs/store/category/216x78_3bf5d598332feb14ae5254efc3a6be44.jpg", "local_image": "/category/photos/216x78_3bf5d598332feb14ae5254efc3a6be44.jpg"}, {"title_ru": "\n                            \u041d\u0430\u0436\u0434\u0430\u0447\u043d\u0430\u044f \u0431\u0443\u043c\u0430\u0433\u0430                            ", "title_uz": "Zichlamoq", "title_en": "Sandpaper", "link": "https://letscolor.uz/store/nazhdachnaya_bumaga", "children": [], "image": "https://letscolor.uz/uploads/thumbs/store/category/216x78_bc54dd0835d074a42161b035d219862b.jpg", "local_image": "/category/photos/216x78_bc54dd0835d074a42161b035d219862b.jpg"}], "image": "https://letscolor.uz/uploads/thumbs/store/category/216x78_a30610ee4f42a86a2d7db4c8e4a62e25.png", "local_image": "/category/photos/216x78_a30610ee4f42a86a2d7db4c8e4a62e25.png"}, {"title_ru": "\n                            \u0420\u0443\u0447\u043d\u043e\u0439 \u0438\u043d\u0441\u0442\u0440\u0443\u043c\u0435\u043d\u0442                            ", "title_uz": "Qo'l asbobi", "title_en": "Hand tool", "link": "https://letscolor.uz/store/ruchnoy_instrument", "children": [{"title_ru": "\n                            \u041e\u0442\u0432\u0435\u0440\u0442\u043a\u0438 \u0438 \u0442\u0435\u0441\u0442\u0435\u0440 \u0438\u043d\u0434\u0438\u043a\u0430\u0442\u043e\u0440\u044b                            ", "title_uz": "To'yida tornay va tester ko'rsatkichlari", "title_en": "Screwdrivers and Tester Indicators", "link": "https://letscolor.uz/store/otvertki", "children": [], "image": "https://letscolor.uz/uploads/thumbs/store/category/216x78_a30610ee4f42a86a2d7db4c8e4a62e25.png", "local_image": "/category/photos/216x78_a30610ee4f42a86a2d7db4c8e4a62e25.png"}, {"title_ru": "\n                            \u041f\u043b\u043e\u0441\u043a\u043e\u0433\u0443\u0431\u0446\u044b, \u043a\u0443\u0441\u0430\u0447\u043a\u0438, \u0431\u043e\u043a\u0430\u0440\u0435\u0437\u044b                            ", "title_uz": "Penerlar, yasperterlar, yassilar", "title_en": "Pliers, nippers, flatplanes", "link": "https://letscolor.uz/store/ploskogubtsy_kusachki_bakarezy", "children": [], "image": "https://letscolor.uz/uploads/thumbs/store/category/216x78_6d21d4e34b88408982d0624df54e5d47.png", "local_image": "/category/photos/216x78_6d21d4e34b88408982d0624df54e5d47.png"}, {"title_ru": "\n                            \u041c\u043e\u043b\u043e\u0442\u043a\u0438, \u0442\u043e\u043f\u043e\u0440\u044b \u0438 \u0433\u0432\u043e\u0437\u0434\u043e\u0434\u0435\u0440\u044b                            ", "title_uz": "Boluvchilar, o'qlar va mixlar", "title_en": "Hammers, axes and nails", "link": "https://letscolor.uz/store/molotok_i_topor", "children": [], "image": "https://letscolor.uz/uploads/thumbs/store/category/216x78_3bf5d598332feb14ae5254efc3a6be44.jpg", "local_image": "/category/photos/216x78_3bf5d598332feb14ae5254efc3a6be44.jpg"}, {"title_ru": "\n                            \u0420\u0443\u043b\u0435\u0442\u043a\u0430, \u0448\u0442\u0430\u043d\u0433\u0435\u043d\u0446\u0438\u0440\u043a\u0443\u043b\u044c                            ", "title_uz": "Ruletka, kaliper", "title_en": "Roulette, caliper", "link": "https://letscolor.uz/store/ruletka", "children": [], "image": "https://letscolor.uz/uploads/thumbs/store/category/216x78_bc54dd0835d074a42161b035d219862b.jpg", "local_image": "/category/photos/216x78_bc54dd0835d074a42161b035d219862b.jpg"}], "image": "https://letscolor.uz/uploads/thumbs/store/category/216x78_6d21d4e34b88408982d0624df54e5d47.png", "local_image": "/category/photos/216x78_6d21d4e34b88408982d0624df54e5d47.png"}, {"title_ru": "\n                            \u0418\u043d\u0441\u0442\u0440\u0443\u043c\u0435\u043d\u0442\u044b \u0448\u0442\u0443\u043a\u0430\u0442\u0443\u0440\u043d\u044b\u0435 \u0438 \u043c\u0430\u043b\u044f\u0440\u043d\u044b\u0435                            ", "title_uz": "Gips va bo'yash asboblari", "title_en": "Plastering and painting tools", "link": "https://letscolor.uz/store/instrumenty_shtukaturnye_i_malyarnye", "children": [{"title_ru": "\n                            \u0428\u043f\u0430\u0442\u0435\u043b\u0438 \u0438 \u0437\u0430\u0442\u0438\u0440\u043a\u0438                            ", "title_uz": "Spatulas va shtamplar", "title_en": "Spatulas and stamps", "link": "https://letscolor.uz/store/shpateli_i_zatirki", "children": [], "image": "https://letscolor.uz/uploads/thumbs/store/category/216x78_a30610ee4f42a86a2d7db4c8e4a62e25.png", "local_image": "/category/photos/216x78_a30610ee4f42a86a2d7db4c8e4a62e25.png"}, {"title_ru": "\n                            \u0429\u0435\u0442\u043a\u0438 \u0438 \u043a\u0438\u0441\u0442\u043e\u0447\u043a\u0438                            ", "title_uz": "Cho'tkalar va cho'tkalar", "title_en": "Brushes and brushes", "link": "https://letscolor.uz/store/shchetki_i_kistochki", "children": [], "image": "https://letscolor.uz/uploads/thumbs/store/category/216x78_6d21d4e34b88408982d0624df54e5d47.png", "local_image": "/category/photos/216x78_6d21d4e34b88408982d0624df54e5d47.png"}, {"title_ru": "\n                            \u0412\u0430\u043b\u0438\u043a\u0438 \u0438 \u0440\u043e\u043b\u0438\u043a\u0438                            ", "title_uz": "Rulon va rulonlar", "title_en": "Rolls and rollers", "link": "https://letscolor.uz/store/valiki", "children": [], "image": "https://letscolor.uz/uploads/thumbs/store/category/216x78_3bf5d598332feb14ae5254efc3a6be44.jpg", "local_image": "/category/photos/216x78_3bf5d598332feb14ae5254efc3a6be44.jpg"}, {"title_ru": "\n                            \u041f\u0440\u0430\u0432\u0438\u043b\u0430, \u0448\u0442\u0443\u043a\u0430\u0442\u0443\u0440\u043d\u044b\u0439 \u043c\u0430\u044f\u043a                            ", "title_uz": "Qoidalar, gipsli linto", "title_en": "Rules, plaster lighthouse", "link": "https://letscolor.uz/store/pravila", "children": [], "image": "https://letscolor.uz/uploads/thumbs/store/category/216x78_bc54dd0835d074a42161b035d219862b.jpg", "local_image": "/category/photos/216x78_bc54dd0835d074a42161b035d219862b.jpg"}], "image": "https://letscolor.uz/uploads/thumbs/store/category/216x78_3bf5d598332feb14ae5254efc3a6be44.jpg", "local_image": "/category/photos/216x78_3bf5d598332feb14ae5254efc3a6be44.jpg"}, {"title_ru": "\n                            \u0421\u043f\u0435\u0446 \u043e\u0434\u0435\u0436\u0434\u0430 \u0438 \u0441\u0440\u0435\u0434\u0441\u0442\u0432\u043e \u0438\u043d\u0434\u0438\u0432\u0438\u0434\u0443\u0430\u043b\u044c\u043d\u043e\u0439 \u0437\u0430\u0449\u0438\u0442\u044b                            ", "title_uz": "Shaxsiy himoya qilish kiyimlari va vositalari", "title_en": "Spets Clothing and means of individual protection", "link": "https://letscolor.uz/store/spets_odezhda_i_sredstvo_individualnoy_zashchity", "children": [], "image": "https://letscolor.uz/uploads/thumbs/store/category/216x78_bc54dd0835d074a42161b035d219862b.jpg", "local_image": "/category/photos/216x78_bc54dd0835d074a42161b035d219862b.jpg"}], "image": "https://letscolor.uz/uploads/thumbs/store/category/216x0_46a78e6b04594f335e169a91eae936ae.jpg", "local_image": "/category/photos/216x0_46a78e6b04594f335e169a91eae936ae.jpg"}, {"title_ru": "\u0425\u043e\u0437\u0442\u043e\u0432\u0430\u0440\u044b", "title_uz": "Xo'jalik mollari", "title_en": "Household goods", "link": "https://letscolor.uz/store/khoztovary", "children": [{"title_ru": "\n                            \u0412\u0451\u0434\u0440\u0430, \u043a\u043e\u0440\u0437\u0438\u043d\u044b \u0434\u043b\u044f \u0431\u0443\u043c\u0430\u0433, \u0443\u0440\u043d\u044b, \u0443\u043d\u0438\u0432\u0435\u0440\u0441\u0430\u043b\u044c\u043d\u044b\u0435 \u0431\u0430\u043a\u0438                            ", "title_uz": "Vezer, byulletenlar uchun savatlar, UNNS, universal tanklar", "title_en": "Veser, baskets for papers, urns, universal tanks", "link": "https://letscolor.uz/store/korziny_dlya_bumag", "children": [{"title_ru": "\n                            \u041f\u043b\u0430\u0441\u0442\u0438\u043a\u043e\u0432\u044b\u0435 \u0438 \u043c\u0435\u0442\u0430\u043b\u043b\u0438\u0447\u0435\u0441\u043a\u0438\u0435 \u0432\u0451\u0434\u0440\u0430                            ", "title_uz": "Plastik va metall sotuvchilar", "title_en": "Plastic and metal vendors", "link": "https://letscolor.uz/store/plastikovye_vyedra", "children": [], "image": "https://letscolor.uz/uploads/thumbs/store/category/216x78_6379696160df588e4ea326426bb6d41f.jpg", "local_image": "/category/photos/216x78_6379696160df588e4ea326426bb6d41f.jpg"}, {"title_ru": "\n                            \u0423\u0440\u043d\u044b \u0438 \u043a\u043e\u0440\u0437\u0438\u043d\u044b \u0434\u043b\u044f \u0431\u0443\u043c\u0430\u0433                            ", "title_uz": "Urns va qog'ozlar uchun savat", "title_en": "Urns and baskets for papers", "link": "https://letscolor.uz/store/urny_i_korziny_dlya_bumag", "children": [], "image": "https://letscolor.uz/uploads/thumbs/store/category/216x78_bb2d4cd95d8f64c9b88e490c9f387889.jpg", "local_image": "/category/photos/216x78_bb2d4cd95d8f64c9b88e490c9f387889.jpg"}], "image": "https://letscolor.uz/uploads/thumbs/store/category/216x78_6379696160df588e4ea326426bb6d41f.jpg", "local_image": "/category/photos/216x78_6379696160df588e4ea326426bb6d41f.jpg"}, {"title_ru": "\n                            \u0421\u043a\u043e\u0442\u0447, \u0438\u0437\u043e\u043b\u0435\u043d\u0442\u0430, \u0444\u0443\u043c \u043b\u0435\u043d\u0442\u0430                            ", "title_uz": "Skotch, lenta, foney lentasi", "title_en": "Scotch, tape, Foney tape", "link": "https://letscolor.uz/store/skotch", "children": [], "image": "https://letscolor.uz/uploads/thumbs/store/category/216x78_bb2d4cd95d8f64c9b88e490c9f387889.jpg", "local_image": "/category/photos/216x78_bb2d4cd95d8f64c9b88e490c9f387889.jpg"}, {"title_ru": "\n                            \u0418\u043d\u0432\u0435\u043d\u0442\u0430\u0440\u044c \u0434\u043b\u044f \u0443\u0431\u043e\u0440\u043a\u0438 \u0434\u043e\u043c\u0430                            ", "title_uz": "Uyni tozalash uskunalari", "title_en": "House cleaning equipment", "link": "https://letscolor.uz/store/shvabra", "children": [], "image": "https://letscolor.uz/uploads/thumbs/store/category/216x78_c14a9a850c6e2dc09d9dd2c0fa4a3de4.png", "local_image": "/category/photos/216x78_c14a9a850c6e2dc09d9dd2c0fa4a3de4.png"}], "image": "https://letscolor.uz/uploads/thumbs/store/category/216x0_763060e8539202d765f1e78c137355c4.png", "local_image": "/category/photos/216x0_763060e8539202d765f1e78c137355c4.png"}, {"title_ru": "\u041b\u0430\u043a\u043e\u043a\u0440\u0430\u0441\u043e\u0447\u043d\u044b\u0435", "title_uz": "Bo'yoq va lak", "title_en": "Paint and varnish", "link": "https://letscolor.uz/store/lakokrasochnye_materialy_", "children": [{"title_ru": "\n                            \u0414\u0435\u043a\u043e\u0440\u0430\u0442\u0438\u0432\u043d\u044b\u0435 \u0448\u0442\u0443\u043a\u0430\u0442\u0443\u0440\u043a\u0430                            ", "title_uz": "Dekorativ gips", "title_en": "Decorative plaster", "link": "https://letscolor.uz/store/dekorativnye-shtukaturka", "children": [], "image": "https://letscolor.uz/uploads/thumbs/store/category/216x78_f6f4e31c788b0a6520f98c41b09a402a.jpg", "local_image": "/category/photos/216x78_f6f4e31c788b0a6520f98c41b09a402a.jpg"}, {"title_ru": "\n                            \u041a\u0440\u0430\u0441\u043a\u0438 \u043d\u0430 \u0432\u043e\u0434\u043d\u043e\u0439 \u043e\u0441\u043d\u043e\u0432\u0435                            ", "title_uz": "Suvga asoslangan bo'yoqlar", "title_en": "Water-based paints", "link": "https://letscolor.uz/store/kraski_na_vodnoy_osnove", "children": [], "image": "https://letscolor.uz/uploads/thumbs/store/category/216x78_c6bd42e65e8b85fd1e2cf23e3f9db55f.jpeg", "local_image": "/category/photos/216x78_c6bd42e65e8b85fd1e2cf23e3f9db55f.jpeg"}, {"title_ru": "\n                            \u041a\u0440\u0430\u0441\u043a\u0438 \u043d\u0430 \u0441\u0438\u043d\u0442\u0435\u0442\u0438\u0447\u0435\u0441\u043a\u043e\u0439 \u043e\u0441\u043d\u043e\u0432\u0435                            ", "title_uz": "Sintetik bo'yoq", "title_en": "Synthetic paint", "link": "https://letscolor.uz/store/kraski_na_sinteticheskoy_osnove", "children": [], "image": "https://letscolor.uz/uploads/thumbs/store/category/216x78_92e05149539ab5c2b190a14df355959f.png", "local_image": "/category/photos/216x78_92e05149539ab5c2b190a14df355959f.png"}, {"title_ru": "\n                            \u042d\u043c\u0430\u043b\u0438                            ", "title_uz": "Emal", "title_en": "Enamel", "link": "https://letscolor.uz/store/emali", "children": [], "image": "https://letscolor.uz/uploads/thumbs/store/category/216x78_4abf67a1a6e09f52ba76985ff3a9e987.png", "local_image": "/category/photos/216x78_4abf67a1a6e09f52ba76985ff3a9e987.png"}], "image": "https://letscolor.uz/uploads/thumbs/store/category/216x0_187b266bebc146a0394738892c8dc57a.png", "local_image": "/category/photos/216x0_187b266bebc146a0394738892c8dc57a.png"}, {"title_ru": "\u042d\u043b\u0435\u043a\u0442\u0440\u043e\u0438\u043d\u0441\u0442\u0440\u0443\u043c\u0435\u043d\u0442\u044b", "title_uz": "Elektr asboblari", "title_en": "Power tools", "link": "https://letscolor.uz/store/elektroinstrumenty", "children": [{"title_ru": "\n                            \u0414\u0440\u0435\u043b\u0438 \u0438 \u0433\u0440\u043e\u0432\u0435\u0440\u044b                            ", "title_uz": "Burg'ulash va graferlar", "title_en": "Drills and Grovers", "link": "https://letscolor.uz/store/dreli_i_grovery", "children": [], "image": "https://letscolor.uz/uploads/thumbs/store/category/216x78_e58c3daeedeaa3403c1aa02e0a52e933.png", "local_image": "/category/photos/216x78_e58c3daeedeaa3403c1aa02e0a52e933.png"}, {"title_ru": "\n                            \u041f\u0435\u0440\u0444\u043e\u0440\u0430\u0442\u043e\u0440\u044b                            ", "title_uz": "Perfools", "title_en": "Perfools", "link": "https://letscolor.uz/store/perforatory", "children": [], "image": "https://letscolor.uz/uploads/thumbs/store/category/216x78_87c7104c34bd1401a7205e14a1f56436.png", "local_image": "/category/photos/216x78_87c7104c34bd1401a7205e14a1f56436.png"}, {"title_ru": "\n                            \u041e\u0442\u0431\u043e\u0439\u043d\u044b\u0435 \u043c\u043e\u043b\u043e\u0442\u043a\u0438                            ", "title_uz": "Silliqlash", "title_en": "Grinding hammers", "link": "https://letscolor.uz/store/otboynye_molotki", "children": [], "image": "https://letscolor.uz/uploads/thumbs/store/category/216x78_a80aac9c250729903a8bf5f0f13bd469.jpg", "local_image": "/category/photos/216x78_a80aac9c250729903a8bf5f0f13bd469.jpg"}, {"title_ru": "\n                            \u0422\u0435\u0440\u043c\u043e\u043f\u0438\u0441\u0442\u043e\u043b\u0435\u0442                            ", "title_uz": "Termopystoletole", "title_en": "Thermopystoletole", "link": "https://letscolor.uz/store/termopistoleti_", "children": [], "image": "https://letscolor.uz/uploads/thumbs/store/category/216x78_328db71f1050df2c2a6aec22c7602caa.jpg", "local_image": "/category/photos/216x78_328db71f1050df2c2a6aec22c7602caa.jpg"}], "image": "https://letscolor.uz/uploads/thumbs/store/category/216x0_3ea541c25f2a1439c8794b3d7211b78f.png", "local_image": "/category/photos/216x0_3ea541c25f2a1439c8794b3d7211b78f.png"}, {"title_ru": "1001 \u043c\u0435\u043b\u043e\u0447", "title_uz": "1001 bo'r", "title_en": "1001 chalk", "link": "https://letscolor.uz/store/prochie_khoztovary", "children": [{"title_ru": "\n                            \u041d\u043e\u0436\u043d\u0438\u0446\u044b \u0438 \u043a\u0430\u043d\u0446\u0435\u043b\u044f\u0440\u0441\u043a\u0438\u0435 \u043d\u043e\u0436\u0438                            ", "title_uz": "Qaychi va stantsiyalar pristavkalari", "title_en": "Scissors and Stationery Knives", "link": "https://letscolor.uz/store/nozhnitsy_i_kantselyarskie_nozhi", "children": [], "image": "https://letscolor.uz/uploads/thumbs/store/category/216x78_a8b0f95696ba14355d9dcb8d93db96e0.jpg", "local_image": "/category/photos/216x78_a8b0f95696ba14355d9dcb8d93db96e0.jpg"}, {"title_ru": "\n                            1000 \u043c\u0435\u043b\u043e\u0447\u0435\u0439                            ", "title_uz": "1000 arzimasi", "title_en": "1000 trifles", "link": "https://letscolor.uz/store/prochie_khoztovary_", "children": [{"title_ru": "\n                            \u041c\u0438\u043a\u0441\u0435\u0440\u044b \u0438 \u0431\u0435\u0442\u043e\u043d\u043e\u043c\u0435\u0448\u0430\u043b\u043a\u0438                            ", "title_uz": "Mikserlar va beton aralashmalar", "title_en": "Mixers and concrete mixers", "link": "https://letscolor.uz/store/miksery", "children": [], "image": "https://letscolor.uz/uploads/thumbs/store/category/216x78_a8b0f95696ba14355d9dcb8d93db96e0.jpg", "local_image": "/category/photos/216x78_a8b0f95696ba14355d9dcb8d93db96e0.jpg"}], "image": "https://letscolor.uz/uploads/thumbs/store/category/216x78_f5aa282ca8d8703367eb46473b503c1e.jpg", "local_image": "/category/photos/216x78_f5aa282ca8d8703367eb46473b503c1e.jpg"}], "image": "https://letscolor.uz/uploads/thumbs/store/category/216x0_2852fd6c4246607a76202c2f574fe35f.png", "local_image": "/category/photos/216x0_2852fd6c4246607a76202c2f574fe35f.png"}]